{
  "best_metric": null,
  "best_model_checkpoint": null,
  "epoch": 1.7521739130434781,
  "global_step": 403,
  "is_hyper_param_search": false,
  "is_local_process_zero": true,
  "is_world_process_zero": true,
  "log_history": [
    {
      "epoch": 1.0,
      "eval_accuracy": 0.7671568627450981,
      "eval_combined_score": 0.8006813982137357,
      "eval_f1": 0.8342059336823735,
      "eval_loss": 0.5039864182472229,
      "eval_runtime": 1.6207,
      "eval_samples_per_second": 251.739,
      "step": 230
    },
    {
      "epoch": 1.75,
      "eval_accuracy": 0.7843137254901961,
      "eval_combined_score": 0.8168143969916734,
      "eval_f1": 0.8493150684931506,
      "eval_loss": 0.48256218433380127,
      "eval_runtime": 1.5055,
      "eval_samples_per_second": 270.998,
      "step": 403
    },
    {
      "epoch": 1.75,
      "step": 403,
      "total_flos": 1648841730742272,
      "train_runtime": 1309.818,
      "train_samples_per_second": 0.308
    }
  ],
  "max_steps": 403,
  "num_train_epochs": 2,
  "total_flos": 1648841730742272,
  "trial_name": null,
  "trial_params": null
}
