{
  "best_metric": null,
  "best_model_checkpoint": null,
  "epoch": 1.75,
  "global_step": 630,
  "is_hyper_param_search": false,
  "is_local_process_zero": true,
  "is_world_process_zero": true,
  "log_history": [
    {
      "epoch": 1.0,
      "eval_combined_score": 0.6097781710458382,
      "eval_loss": 1.5799084901809692,
      "eval_pearson": 0.6624092911276398,
      "eval_runtime": 5.4973,
      "eval_samples_per_second": 272.859,
      "eval_spearmanr": 0.5571470509640366,
      "step": 360
    },
    {
      "epoch": 1.39,
      "learning_rate": 1.0317460317460318e-05,
      "loss": 2.0105,
      "step": 500
    },
    {
      "epoch": 1.75,
      "eval_combined_score": 0.801277280822446,
      "eval_loss": 0.8371145725250244,
      "eval_pearson": 0.7933125519403746,
      "eval_runtime": 5.7561,
      "eval_samples_per_second": 260.592,
      "eval_spearmanr": 0.8092420097045172,
      "step": 630
    },
    {
      "epoch": 1.75,
      "step": 630,
      "total_flos": 2579573706194688,
      "train_runtime": 2396.6436,
      "train_samples_per_second": 0.263
    }
  ],
  "max_steps": 630,
  "num_train_epochs": 2,
  "total_flos": 2579573706194688,
  "trial_name": null,
  "trial_params": null
}
