{
  "best_metric": null,
  "best_model_checkpoint": null,
  "epoch": 1.75,
  "global_step": 630,
  "is_hyper_param_search": false,
  "is_local_process_zero": true,
  "is_world_process_zero": true,
  "log_history": [
    {
      "epoch": 1.0,
      "eval_combined_score": 0.8218948430877723,
      "eval_loss": 0.7683764696121216,
      "eval_pearson": 0.8251637749856445,
      "eval_runtime": 5.8551,
      "eval_samples_per_second": 256.187,
      "eval_spearmanr": 0.8186259111899,
      "step": 360
    },
    {
      "epoch": 1.39,
      "learning_rate": 1.0317460317460318e-05,
      "loss": 1.3131,
      "step": 500
    },
    {
      "epoch": 1.75,
      "eval_combined_score": 0.8356016126411209,
      "eval_loss": 0.7637965679168701,
      "eval_pearson": 0.8379358947484876,
      "eval_runtime": 5.5649,
      "eval_samples_per_second": 269.546,
      "eval_spearmanr": 0.8332673305337541,
      "step": 630
    },
    {
      "epoch": 1.75,
      "step": 630,
      "total_flos": 2579573706194688,
      "train_runtime": 2170.6422,
      "train_samples_per_second": 0.29
    }
  ],
  "max_steps": 630,
  "num_train_epochs": 2,
  "total_flos": 2579573706194688,
  "trial_name": null,
  "trial_params": null
}
