{
  "best_metric": null,
  "best_model_checkpoint": null,
  "epoch": 1.7521739130434781,
  "global_step": 403,
  "is_hyper_param_search": false,
  "is_local_process_zero": true,
  "is_world_process_zero": true,
  "log_history": [
    {
      "epoch": 1.0,
      "eval_accuracy": 0.7230392156862745,
      "eval_combined_score": 0.7547143148374662,
      "eval_f1": 0.7863894139886579,
      "eval_loss": 0.5151388049125671,
      "eval_runtime": 2.0686,
      "eval_samples_per_second": 197.23,
      "step": 230
    },
    {
      "epoch": 1.75,
      "eval_accuracy": 0.696078431372549,
      "eval_combined_score": 0.7563232393549135,
      "eval_f1": 0.8165680473372782,
      "eval_loss": 0.5661723017692566,
      "eval_runtime": 1.8473,
      "eval_samples_per_second": 220.864,
      "step": 403
    },
    {
      "epoch": 1.75,
      "step": 403,
      "total_flos": 1648841730742272,
      "train_runtime": 728.2964,
      "train_samples_per_second": 0.553
    }
  ],
  "max_steps": 403,
  "num_train_epochs": 2,
  "total_flos": 1648841730742272,
  "trial_name": null,
  "trial_params": null
}
