{
  "best_metric": null,
  "best_model_checkpoint": null,
  "epoch": 1.75,
  "global_step": 630,
  "is_hyper_param_search": false,
  "is_local_process_zero": true,
  "is_world_process_zero": true,
  "log_history": [
    {
      "epoch": 1.0,
      "eval_combined_score": 0.7331740810474561,
      "eval_loss": 1.1266729831695557,
      "eval_pearson": 0.7233764133677936,
      "eval_runtime": 5.6566,
      "eval_samples_per_second": 265.176,
      "eval_spearmanr": 0.7429717487271186,
      "step": 360
    },
    {
      "epoch": 1.39,
      "learning_rate": 1.0317460317460318e-05,
      "loss": 2.5218,
      "step": 500
    },
    {
      "epoch": 1.75,
      "eval_combined_score": 0.4503773551871906,
      "eval_loss": 3.8349719047546387,
      "eval_pearson": 0.48378879309914924,
      "eval_runtime": 5.5642,
      "eval_samples_per_second": 269.581,
      "eval_spearmanr": 0.41696591727523186,
      "step": 630
    },
    {
      "epoch": 1.75,
      "step": 630,
      "total_flos": 2579573706194688,
      "train_runtime": 857.8636,
      "train_samples_per_second": 0.734
    }
  ],
  "max_steps": 630,
  "num_train_epochs": 2,
  "total_flos": 2579573706194688,
  "trial_name": null,
  "trial_params": null
}
