{
  "best_metric": null,
  "best_model_checkpoint": null,
  "epoch": 1.7521739130434781,
  "global_step": 403,
  "is_hyper_param_search": false,
  "is_local_process_zero": true,
  "is_world_process_zero": true,
  "log_history": [
    {
      "epoch": 1.0,
      "eval_accuracy": 0.8382352941176471,
      "eval_combined_score": 0.8629951980792316,
      "eval_f1": 0.8877551020408163,
      "eval_loss": 0.4219065010547638,
      "eval_runtime": 1.5494,
      "eval_samples_per_second": 263.329,
      "step": 230
    },
    {
      "epoch": 1.75,
      "eval_accuracy": 0.7132352941176471,
      "eval_combined_score": 0.7699509803921569,
      "eval_f1": 0.8266666666666667,
      "eval_loss": 1.0859153270721436,
      "eval_runtime": 1.8323,
      "eval_samples_per_second": 222.671,
      "step": 403
    },
    {
      "epoch": 1.75,
      "step": 403,
      "total_flos": 1648841730742272,
      "train_runtime": 482.993,
      "train_samples_per_second": 0.834
    }
  ],
  "max_steps": 403,
  "num_train_epochs": 2,
  "total_flos": 1648841730742272,
  "trial_name": null,
  "trial_params": null
}
