{
  "best_metric": null,
  "best_model_checkpoint": null,
  "epoch": 1.7521739130434781,
  "global_step": 403,
  "is_hyper_param_search": false,
  "is_local_process_zero": true,
  "is_world_process_zero": true,
  "log_history": [
    {
      "epoch": 1.0,
      "eval_accuracy": 0.7475490196078431,
      "eval_combined_score": 0.7671492510047497,
      "eval_f1": 0.7867494824016564,
      "eval_loss": 0.5187817811965942,
      "eval_runtime": 1.6632,
      "eval_samples_per_second": 245.313,
      "step": 230
    },
    {
      "epoch": 1.75,
      "eval_accuracy": 0.8431372549019608,
      "eval_combined_score": 0.8663962136578769,
      "eval_f1": 0.889655172413793,
      "eval_loss": 0.3445635735988617,
      "eval_runtime": 1.5162,
      "eval_samples_per_second": 269.1,
      "step": 403
    },
    {
      "epoch": 1.75,
      "step": 403,
      "total_flos": 1648841730742272,
      "train_runtime": 1441.6529,
      "train_samples_per_second": 0.28
    }
  ],
  "max_steps": 403,
  "num_train_epochs": 2,
  "total_flos": 1648841730742272,
  "trial_name": null,
  "trial_params": null
}
