{
  "best_metric": null,
  "best_model_checkpoint": null,
  "epoch": 1.75,
  "global_step": 630,
  "is_hyper_param_search": false,
  "is_local_process_zero": true,
  "is_world_process_zero": true,
  "log_history": [
    {
      "epoch": 1.0,
      "eval_combined_score": 0.30871313644717235,
      "eval_loss": 2.4369759559631348,
      "eval_pearson": 0.31826738837970137,
      "eval_runtime": 5.6957,
      "eval_samples_per_second": 263.357,
      "eval_spearmanr": 0.29915888451464334,
      "step": 360
    },
    {
      "epoch": 1.39,
      "learning_rate": 2.0634920634920634e-06,
      "loss": 2.4686,
      "step": 500
    },
    {
      "epoch": 1.75,
      "eval_combined_score": 0.28602371765518486,
      "eval_loss": 2.3569154739379883,
      "eval_pearson": 0.29442406802676485,
      "eval_runtime": 5.8497,
      "eval_samples_per_second": 256.422,
      "eval_spearmanr": 0.2776233672836048,
      "step": 630
    },
    {
      "epoch": 1.75,
      "step": 630,
      "total_flos": 2579573706194688,
      "train_runtime": 2027.9415,
      "train_samples_per_second": 0.311
    }
  ],
  "max_steps": 630,
  "num_train_epochs": 2,
  "total_flos": 2579573706194688,
  "trial_name": null,
  "trial_params": null
}
