{
  "best_metric": null,
  "best_model_checkpoint": null,
  "epoch": 1.7521739130434781,
  "global_step": 403,
  "is_hyper_param_search": false,
  "is_local_process_zero": true,
  "is_world_process_zero": true,
  "log_history": [
    {
      "epoch": 1.0,
      "eval_accuracy": 0.6299019607843137,
      "eval_combined_score": 0.6504629629629629,
      "eval_f1": 0.6710239651416121,
      "eval_loss": 0.658962607383728,
      "eval_runtime": 1.6324,
      "eval_samples_per_second": 249.932,
      "step": 230
    },
    {
      "epoch": 1.75,
      "eval_accuracy": 0.7524509803921569,
      "eval_combined_score": 0.7874732933595231,
      "eval_f1": 0.8224956063268893,
      "eval_loss": 0.5083438754081726,
      "eval_runtime": 1.5139,
      "eval_samples_per_second": 269.501,
      "step": 403
    },
    {
      "epoch": 1.75,
      "step": 403,
      "total_flos": 1648841730742272,
      "train_runtime": 755.766,
      "train_samples_per_second": 0.533
    }
  ],
  "max_steps": 403,
  "num_train_epochs": 2,
  "total_flos": 1648841730742272,
  "trial_name": null,
  "trial_params": null
}
