{
  "best_metric": null,
  "best_model_checkpoint": null,
  "epoch": 1.75,
  "global_step": 630,
  "is_hyper_param_search": false,
  "is_local_process_zero": true,
  "is_world_process_zero": true,
  "log_history": [
    {
      "epoch": 1.0,
      "eval_combined_score": 0.8819796503619584,
      "eval_loss": 0.549706757068634,
      "eval_pearson": 0.8787912119991004,
      "eval_runtime": 5.5354,
      "eval_samples_per_second": 270.985,
      "eval_spearmanr": 0.8851680887248162,
      "step": 360
    },
    {
      "epoch": 1.39,
      "learning_rate": 2.0634920634920634e-06,
      "loss": 1.2261,
      "step": 500
    },
    {
      "epoch": 1.75,
      "eval_combined_score": -0.19009563519607925,
      "eval_loss": 5.923534393310547,
      "eval_pearson": -0.22734163123702833,
      "eval_runtime": 5.8127,
      "eval_samples_per_second": 258.056,
      "eval_spearmanr": -0.15284963915513017,
      "step": 630
    },
    {
      "epoch": 1.75,
      "step": 630,
      "total_flos": 2579573706194688,
      "train_runtime": 832.7526,
      "train_samples_per_second": 0.757
    }
  ],
  "max_steps": 630,
  "num_train_epochs": 2,
  "total_flos": 2579573706194688,
  "trial_name": null,
  "trial_params": null
}
