{
  "best_metric": null,
  "best_model_checkpoint": null,
  "epoch": 1.75,
  "global_step": 630,
  "is_hyper_param_search": false,
  "is_local_process_zero": true,
  "is_world_process_zero": true,
  "log_history": [
    {
      "epoch": 1.0,
      "eval_combined_score": 0.7517675308064027,
      "eval_loss": 1.1723610162734985,
      "eval_pearson": 0.7441882192888117,
      "eval_runtime": 6.0578,
      "eval_samples_per_second": 247.614,
      "eval_spearmanr": 0.7593468423239935,
      "step": 360
    },
    {
      "epoch": 1.39,
      "learning_rate": 1.0317460317460318e-05,
      "loss": 2.3602,
      "step": 500
    },
    {
      "epoch": 1.75,
      "eval_combined_score": 0.8097910997161114,
      "eval_loss": 0.8523356318473816,
      "eval_pearson": 0.811583398769606,
      "eval_runtime": 5.9214,
      "eval_samples_per_second": 253.32,
      "eval_spearmanr": 0.8079988006626169,
      "step": 630
    },
    {
      "epoch": 1.75,
      "step": 630,
      "total_flos": 2579573706194688,
      "train_runtime": 1335.4776,
      "train_samples_per_second": 0.472
    }
  ],
  "max_steps": 630,
  "num_train_epochs": 2,
  "total_flos": 2579573706194688,
  "trial_name": null,
  "trial_params": null
}
