{
  "best_metric": null,
  "best_model_checkpoint": null,
  "epoch": 1.7521739130434781,
  "global_step": 403,
  "is_hyper_param_search": false,
  "is_local_process_zero": true,
  "is_world_process_zero": true,
  "log_history": [
    {
      "epoch": 1.0,
      "eval_accuracy": 0.3161764705882353,
      "eval_combined_score": 0.15808823529411764,
      "eval_f1": 0.0,
      "eval_loss": 1.511904001235962,
      "eval_runtime": 1.5893,
      "eval_samples_per_second": 256.724,
      "step": 230
    },
    {
      "epoch": 1.75,
      "eval_accuracy": 0.6838235294117647,
      "eval_combined_score": 0.7480253018237863,
      "eval_f1": 0.8122270742358079,
      "eval_loss": 0.8877485394477844,
      "eval_runtime": 1.5097,
      "eval_samples_per_second": 270.256,
      "step": 403
    },
    {
      "epoch": 1.75,
      "step": 403,
      "total_flos": 1648841730742272,
      "train_runtime": 507.5151,
      "train_samples_per_second": 0.794
    }
  ],
  "max_steps": 403,
  "num_train_epochs": 2,
  "total_flos": 1648841730742272,
  "trial_name": null,
  "trial_params": null
}
