{
  "best_metric": null,
  "best_model_checkpoint": null,
  "epoch": 1.7521739130434781,
  "global_step": 403,
  "is_hyper_param_search": false,
  "is_local_process_zero": true,
  "is_world_process_zero": true,
  "log_history": [
    {
      "epoch": 1.0,
      "eval_accuracy": 0.8186274509803921,
      "eval_combined_score": 0.845077614379085,
      "eval_f1": 0.8715277777777779,
      "eval_loss": 0.3997669517993927,
      "eval_runtime": 1.5197,
      "eval_samples_per_second": 268.468,
      "step": 230
    },
    {
      "epoch": 1.75,
      "eval_accuracy": 0.33578431372549017,
      "eval_combined_score": 0.1957667213226754,
      "eval_f1": 0.05574912891986063,
      "eval_loss": 2.200206995010376,
      "eval_runtime": 1.5075,
      "eval_samples_per_second": 270.652,
      "step": 403
    },
    {
      "epoch": 1.75,
      "step": 403,
      "total_flos": 1648841730742272,
      "train_runtime": 488.5459,
      "train_samples_per_second": 0.825
    }
  ],
  "max_steps": 403,
  "num_train_epochs": 2,
  "total_flos": 1648841730742272,
  "trial_name": null,
  "trial_params": null
}
