{
  "best_metric": null,
  "best_model_checkpoint": null,
  "epoch": 1.7514018691588786,
  "global_step": 937,
  "is_hyper_param_search": false,
  "is_local_process_zero": true,
  "is_world_process_zero": true,
  "log_history": [
    {
      "epoch": 0.93,
      "learning_rate": 2.3319103521878334e-05,
      "loss": 0.6989,
      "step": 500
    },
    {
      "epoch": 1.0,
      "eval_loss": 0.5179003477096558,
      "eval_matthews_correlation": 0.315911143820797,
      "eval_runtime": 3.843,
      "eval_samples_per_second": 271.401,
      "step": 535
    },
    {
      "epoch": 1.75,
      "eval_loss": 0.47833678126335144,
      "eval_matthews_correlation": 0.4595043540827102,
      "eval_runtime": 3.9405,
      "eval_samples_per_second": 264.686,
      "step": 937
    },
    {
      "epoch": 1.75,
      "step": 937,
      "total_flos": 3838501499644416,
      "train_runtime": 1744.2768,
      "train_samples_per_second": 0.537
    }
  ],
  "max_steps": 937,
  "num_train_epochs": 2,
  "total_flos": 3838501499644416,
  "trial_name": null,
  "trial_params": null
}
