{
  "best_metric": null,
  "best_model_checkpoint": null,
  "epoch": 1.75,
  "global_step": 630,
  "is_hyper_param_search": false,
  "is_local_process_zero": true,
  "is_world_process_zero": true,
  "log_history": [
    {
      "epoch": 1.0,
      "eval_combined_score": -0.009088371344214108,
      "eval_loss": 2.582265853881836,
      "eval_pearson": -0.018429831830834298,
      "eval_runtime": 6.3521,
      "eval_samples_per_second": 236.141,
      "eval_spearmanr": 0.00025308914240608054,
      "step": 360
    },
    {
      "epoch": 1.39,
      "learning_rate": 1.0317460317460318e-05,
      "loss": 19.286,
      "step": 500
    },
    {
      "epoch": 1.75,
      "eval_combined_score": 0.5907215564190643,
      "eval_loss": 2.5360941886901855,
      "eval_pearson": 0.5690987317223087,
      "eval_runtime": 5.6399,
      "eval_samples_per_second": 265.962,
      "eval_spearmanr": 0.6123443811158199,
      "step": 630
    },
    {
      "epoch": 1.75,
      "step": 630,
      "total_flos": 2579573706194688,
      "train_runtime": 827.0949,
      "train_samples_per_second": 0.762
    }
  ],
  "max_steps": 630,
  "num_train_epochs": 2,
  "total_flos": 2579573706194688,
  "trial_name": null,
  "trial_params": null
}
