{
  "best_metric": null,
  "best_model_checkpoint": null,
  "epoch": 1.75,
  "global_step": 630,
  "is_hyper_param_search": false,
  "is_local_process_zero": true,
  "is_world_process_zero": true,
  "log_history": [
    {
      "epoch": 1.0,
      "eval_combined_score": -0.16360497236823093,
      "eval_loss": 7.953308582305908,
      "eval_pearson": -0.17070957338868956,
      "eval_runtime": 5.7886,
      "eval_samples_per_second": 259.129,
      "eval_spearmanr": -0.1565003713477723,
      "step": 360
    },
    {
      "epoch": 1.39,
      "learning_rate": 1.0317460317460318e-05,
      "loss": 3.6331,
      "step": 500
    },
    {
      "epoch": 1.75,
      "eval_combined_score": 0.1211172383769222,
      "eval_loss": 2.3858819007873535,
      "eval_pearson": 0.13738802726718813,
      "eval_runtime": 5.508,
      "eval_samples_per_second": 272.33,
      "eval_spearmanr": 0.10484644948665627,
      "step": 630
    },
    {
      "epoch": 1.75,
      "step": 630,
      "total_flos": 2579573706194688,
      "train_runtime": 1270.8965,
      "train_samples_per_second": 0.496
    }
  ],
  "max_steps": 630,
  "num_train_epochs": 2,
  "total_flos": 2579573706194688,
  "trial_name": null,
  "trial_params": null
}
