{
  "best_metric": null,
  "best_model_checkpoint": null,
  "epoch": 1.7521739130434781,
  "global_step": 403,
  "is_hyper_param_search": false,
  "is_local_process_zero": true,
  "is_world_process_zero": true,
  "log_history": [
    {
      "epoch": 1.0,
      "eval_accuracy": 0.6838235294117647,
      "eval_combined_score": 0.7480253018237863,
      "eval_f1": 0.8122270742358079,
      "eval_loss": 0.650943398475647,
      "eval_runtime": 1.5012,
      "eval_samples_per_second": 271.782,
      "step": 230
    },
    {
      "epoch": 1.75,
      "eval_accuracy": 0.6838235294117647,
      "eval_combined_score": 0.7480253018237863,
      "eval_f1": 0.8122270742358079,
      "eval_loss": 0.6293686628341675,
      "eval_runtime": 1.5309,
      "eval_samples_per_second": 266.507,
      "step": 403
    },
    {
      "epoch": 1.75,
      "step": 403,
      "total_flos": 1648841730742272,
      "train_runtime": 1285.0282,
      "train_samples_per_second": 0.314
    }
  ],
  "max_steps": 403,
  "num_train_epochs": 2,
  "total_flos": 1648841730742272,
  "trial_name": null,
  "trial_params": null
}
